Driver,Age,Car,Starts,Wins,Points,GF Laps,ASP,ARP,wARP,AFP,PFAE,Avg. PFAE,Succ%,wSucc%,PFAEz,PGAE,PGAE/100,PFARP,wPFARP,cPOMS,LSP,RSP,GR,LR,GR-LR,SS
Denny Hamlin,45,Number 11,28,4,1094,6093,11.21,9.06,7.18,8.61,210.93,7.533,85.7,72.5%,0.704,629.526,11.240,5.085,4.471,0.9792,0.7191,0.7483,2.75,1.40,1.35,3.78
Ryan Blaney,32,Number 12,28,3,989,6004,9.64,9.05,8.11,12.04,110.10,3.932,75.0,61.1%,0.375,689.781,12.462,2.480,2.791,0.9787,0.6962,0.7198,2.75,1.39,1.36,2.31
Tyler Reddick,30,Number 45,28,5,955,5649,9.11,10.87,10.94,12.36,86.79,3.100,71.4,59.0%,0.317,477.951,9.216,3.501,3.147,0.9780,0.6827,0.7482,2.81,1.63,1.18,3.62
Ty Gibbs,23,Number 54,28,2,947,5767,9.64,10.00,8.71,12.18,108.47,3.874,71.4,58.7%,0.355,593.555,11.176,3.843,4.459,0.9778,0.6872,0.6979,2.39,1.53,0.87,3.24
Christopher Bell,31,Number 20,28,1,852,5823,14.43,10.98,11.05,14.07,102.22,3.651,64.3,60.6%,0.368,565.142,10.464,1.839,1.870,0.9794,0.6801,0.6376,2.98,1.56,1.43,3.38
Kyle Larson,33,Number 5,28,1,830,5760,10.00,10.66,10.67,16.21,-5.61,-0.200,57.1,54.0%,0.018,452.016,8.527,-0.488,0.175,0.9784,0.6771,0.7065,2.62,1.44,1.18,3.01
Chase Briscoe,31,Number 19,28,1,815,5858,12.86,10.52,9.26,14.89,68.58,2.449,67.9,58.2%,0.285,434.284,8.011,0.912,1.064,0.9770,0.6576,0.7422,2.63,1.44,1.19,2.35
Joey Logano,35,Number 22,28,2,781,5826,14.07,12.98,11.56,16.36,29.16,1.042,64.3,53.4%,0.112,168.086,3.125,1.771,2.530,0.9755,0.6171,0.5947,2.34,1.60,0.74,-1.38
Chase Elliott,30,Number 9,28,2,748,5770,15.86,13.19,12.76,15.32,74.41,2.657,60.7,56.7%,0.250,178.761,3.356,1.361,1.144,0.9750,0.6030,0.6730,2.55,1.74,0.81,0.22
Carson Hocevar,23,Number 77,28,1,724,5948,12.79,16.47,16.02,16.21,15.48,0.553,53.6,48.9%,0.051,221.918,4.044,1.283,0.955,0.9734,0.5641,0.6012,2.39,1.89,0.50,0.58
Bubba Wallace,32,Number 23,28,0,719,5876,18.29,12.94,12.27,16.11,62.60,2.236,60.7,57.5%,0.234,365.351,6.742,-0.142,-0.067,0.9744,0.6058,0.5569,2.77,1.72,1.05,0.20
William Byron,28,Number 24,28,0,705,5887,15.39,13.39,14.23,16.43,44.86,1.602,60.7,55.1%,0.159,354.941,6.526,0.216,0.553,0.9755,0.6144,0.6992,2.25,1.53,0.71,1.44
Chris Buescher,33,Number 17,28,0,704,6026,14.00,15.75,16.37,15.54,56.79,2.028,64.3,54.0%,0.162,45.503,0.817,0.635,0.171,0.9728,0.5438,0.5493,2.11,1.70,0.41,-0.44
Ryan Preece,35,Number 60,28,1,700,5870,18.61,16.31,15.16,16.36,70.68,2.524,67.9,56.8%,0.260,266.750,4.916,1.244,0.889,0.9735,0.5485,0.5810,2.15,1.82,0.33,-2.56
Daniel Suarez,34,Number 7,28,1,696,6029,13.96,17.26,17.08,15.43,57.16,2.042,64.3,55.1%,0.208,12.710,0.228,2.156,2.070,0.9715,0.5098,0.5835,2.12,1.94,0.18,-1.85
Austin Cindric,27,Number 2,28,0,686,5746,19.00,13.83,13.57,16.79,70.09,2.503,75.0,57.5%,0.262,203.898,3.835,0.128,0.178,0.9750,0.5850,0.5536,2.14,1.55,0.59,-1.57
Shane Van Gisbergen,36,Number 97,28,2,625,5797,18.64,19.07,18.76,18.82,7.04,0.251,57.1,52.4%,0.024,79.148,1.479,0.410,0.505,0.9687,0.4916,0.4967,2.08,2.10,-0.02,-4.68
Brad Keselowski,42,Number 6,28,0,584,5776,19.43,17.15,16.39,18.54,20.26,0.724,53.6,53.0%,0.100,130.675,2.448,1.112,1.083,0.9721,0.5447,0.4617,2.22,1.87,0.35,-3.96
Ross Chastain,33,Number 1,28,0,560,5640,17.82,17.54,17.64,19.57,-23.66,-0.845,53.6,48.0%,-0.051,28.694,0.548,-1.360,-1.571,0.9705,0.5086,0.4896,2.26,1.86,0.41,-4.64
Michael McDowell,41,Number 71,28,0,547,5971,16.32,20.86,21.66,18.79,-19.48,-0.696,42.9,46.5%,-0.081,-219.159,-3.961,-0.649,-0.975,0.9681,0.4453,0.4218,1.90,2.22,-0.32,-3.79
Erik Jones,29,Number 43,28,0,544,5714,20.61,18.36,18.03,19.46,10.46,0.374,50.0,53.7%,0.056,31.447,0.598,-0.724,-1.143,0.9702,0.4979,0.4646,2.03,1.92,0.11,-3.25
Todd Gilliland,25,Number 34,28,0,499,5942,25.32,23.18,21.57,21.07,7.49,0.267,57.1,52.4%,0.049,101.927,1.848,1.094,1.192,0.9665,0.4316,0.3353,1.83,2.14,-0.31,-6.25
AJ Allmendinger,44,Number 16,28,0,499,5684,21.61,23.05,23.00,21.25,-38.33,-1.369,39.3,45.0%,-0.145,-33.135,-0.631,-1.075,-0.906,0.9691,0.4581,0.4792,1.67,2.15,-0.48,-3.57
Zane Smith,26,Number 38,28,0,468,5777,20.89,20.71,20.99,21.54,-49.68,-1.774,50.0,45.3%,-0.176,-103.155,-1.927,-1.754,-1.827,0.9697,0.4828,0.5086,1.93,1.87,0.05,-3.96
Austin Dillon,35,Number 3,28,0,466,5832,21.21,21.00,21.13,21.00,-31.73,-1.133,42.9,47.6%,-0.094,-132.296,-2.443,-0.842,-0.888,0.9687,0.4654,0.4132,1.68,1.95,-0.27,-4.06
Josh Berry,35,Number 21,28,0,458,5506,22.14,17.96,16.52,22.89,-70.73,-2.526,35.7,41.1%,-0.286,142.821,2.808,-2.672,-2.548,0.9713,0.5394,0.3636,2.04,2.05,-0.01,-3.82
Alex Bowman,32,Number 48,24,0,453,4408,19.92,18.65,18.00,19.58,-1.23,-0.051,54.2,51.5%,-0.003,21.610,0.537,0.280,0.645,0.9695,0.4859,0.4402,2.16,2.18,-0.02,-3.21
John Hunter Nemechek,28,--,28,0,447,5815,22.36,23.15,24.37,21.89,-55.11,-1.968,42.9,43.9%,-0.199,-85.563,-1.587,-2.010,-2.102,0.9662,0.4329,0.3856,1.89,2.26,-0.37,-5.49
Ricky Stenhouse Jr.,38,Number 47,28,0,439,5856,23.36,24.35,23.96,22.50,-50.73,-1.812,39.3,45.2%,-0.155,-34.844,-0.642,-0.710,-1.240,0.9660,0.3928,0.3880,1.61,2.37,-0.76,-7.16
Riley Herbst,26,Number 35,27,0,412,5575,22.26,20.75,20.87,22.93,-80.96,-2.998,48.1,42.2%,-0.289,-53.373,-1.030,-3.099,-3.041,0.9680,0.4554,0.4499,1.70,1.94,-0.23,-4.38
Cole Custer,28,Number 41,28,0,359,5767,25.25,26.80,27.17,24.39,-86.47,-3.088,35.7,41.6%,-0.325,-241.239,-4.496,-1.436,-1.470,0.9647,0.3638,0.2697,1.65,2.56,-0.91,-8.06
Noah Gragson,27,Number 4,28,0,355,5749,28.82,25.22,23.95,24.50,-51.47,-1.838,35.7,44.6%,-0.207,-142.484,-2.654,-1.372,-1.786,0.9658,0.4017,0.3700,1.59,2.36,-0.77,-6.26
Ty Dillon,33,Number 10,28,0,323,5881,30.18,26.82,26.18,25.50,-56.93,-2.033,35.7,44.0%,-0.228,-326.006,-5.959,-1.968,-2.140,0.9636,0.3314,0.3397,1.48,2.51,-1.03,-8.57
Connor Zilisch,19,Number 88,28,0,304,5018,23.39,24.86,26.37,27.00,-174.79,-6.242,17.9,30.4%,-0.651,-114.548,-2.442,-3.474,-2.718,0.9672,0.4122,0.3699,1.59,2.17,-0.58,-8.50
Cody Ware,30,Number 51,28,0,217,5846,34.04,31.48,31.06,29.50,-112.23,-4.008,21.4,38.8%,-0.448,-95.243,-1.735,-2.465,-2.424,0.9572,0.2425,0.2015,1.20,2.67,-1.47,-12.17
Austin Hill,31,Number 33,18,0,0,3667,24.61,25.87,26.69,27.72,-114.41,-6.356,22.2,32.7%,-0.632,-196.186,-5.789,-3.951,-3.482,0.9637,0.3609,0.3235,1.47,2.37,-0.90,-9.39
